{
    "velocimeters": [
        {
            "scale_and_alignment": [
                1.0,
                0.0000000000000000,
                0.0000000000000000,
                0.0000000000000000,
                1.0,
                0.0000000000000000,
                0.0000000000000000,
                0.0000000000000000,
                1.0
            ],
            "noise_variance": 0.0001511342857142857,
            "extrinsics": {
                "T": [
                    0.65,
                    -1.1,
                    1.05
                ],
                "T_variance": [
                    9.999999974752427e-7, 
                    9.999999974752427e-7, 
                    9.999999974752427e-7
                ],
                "W": [
                    0,
                    0,
                    0
                ],
                "W_variance": [
                    9.999999974752427e-5, 
                    9.999999974752427e-5, 
                    9.999999974752427e-5
                ]
            }
        },
        {
            "scale_and_alignment": [
                1.0,
                0.0000000000000000,
                0.0000000000000000,
                0.0000000000000000,
                1.0,
                0.0000000000000000,
                0.0000000000000000,
                0.0000000000000000,
                1.0
            ],
            "noise_variance": 0.0001511342857142857,
            "extrinsics": {
                "T": [
                    0.65,
                    0,
                    -1.1
                ],
                "T_variance": [
                    9.999999974752427e-7, 
                    9.999999974752427e-7, 
                    9.999999974752427e-7
                ],
                "W": [
                    0,
                    0,
                    0
                ],
                "W_variance": [
                    9.999999974752427e-5, 
                    9.999999974752427e-5, 
                    9.999999974752427e-5
                ]
            }
        }
    ]
}
